driverId,name,ssn,location,certified,wage-plan
10,Andrew Hayes,206-13-2890,"72149 Theresa Hills Apt. 355
Stevenbury, NC 87642",N,miles
11,Justin Hall,843-18-7678,"54123 Franklin Forest Suite 384
Port Jeremy, NY 00683",Y,miles
12,Ryan Anderson,712-23-3292,"1801 Nicole Terrace
Allenshire, MP 46893",N,hours
13,Victoria Pham MD,518-51-0513,"USCGC Perry
FPO AA 76895",Y,miles
14,Kaitlyn Small,229-36-1628,"8835 Sarah Mountains
Port Dominiquetown, MH 56302",N,hours
15,Stephanie Walker DDS,535-23-5998,"75483 Johnson Prairie
Julieberg, CO 57562",N,miles
16,Brittany Rice,528-05-2433,"3711 Abbott Fork
Campbellbury, AL 72781",Y,hours
17,Ricardo Haynes,030-57-2883,"76225 Stephen Village Suite 054
Katherineton, SD 54477",Y,hours
18,Kayla Owen,567-38-0527,"922 Wright Heights
North Mariachester, ND 31431",Y,miles
19,Gary Gates,131-58-1481,"PSC 2008, Box 2848
APO AE 42693",Y,miles
20,Kristin Duncan,320-48-9697,"83767 Wilson Drives Apt. 869
Lake James, ME 22043",N,miles
21,Michael Blevins,739-99-1576,"27903 Duncan Lane
Figueroaview, DE 24395",Y,hours
22,Scott Sanchez,177-25-9033,"94676 Julie Valley Apt. 244
Perkinsfort, AK 02754",Y,hours
23,Devon Wilson,858-22-6461,"293 Mcbride Radial Apt. 721
Lambertstad, MO 33447",N,miles
24,Samuel Wilson,675-75-9613,"95968 Roberts Points
Hicksport, MN 50571",Y,hours
25,Elijah Lambert,125-57-8671,"925 Miller Wall Apt. 086
Daniellemouth, NV 28834",N,hours
26,Andrea Bennett,866-31-1945,"2325 Bruce Wells
West Connor, DE 63412",N,hours
27,Jeffery Elliott,328-45-9123,"958 Lowe Squares Apt. 926
Coxhaven, KY 58788",N,hours
28,Richard Robles,609-85-4652,"98789 Jordan Lights Apt. 013
Lake Kevinchester, AK 35599",Y,hours
29,John Bruce,862-27-4311,"7520 Dominguez Coves Suite 094
Lake Lindaport, MO 32081",Y,miles
30,Brett Walker,479-54-3354,"356 Rita Inlet
Mendezburgh, IN 53754",N,hours
31,Tammy Sharp,289-34-2177,"2557 Deborah Vista Suite 706
Lindseyhaven, RI 46716",N,miles
32,Andrea Gonzales,060-71-7489,"34317 Randall Orchard
Katelynstad, ID 71132",Y,hours
33,Michael Lopez MD,799-01-1362,"921 King Ways Suite 790
Daniellestad, CA 55729",Y,miles
34,Sarah Walker,551-51-0456,"8411 Marshall Islands Apt. 955
Brownbury, KY 94691",Y,hours
35,Eric Hawkins,255-09-1012,"479 Montgomery Dale Suite 075
Millerstad, OK 60693",N,hours
36,Felicia Schultz,732-38-2449,"703 Ann Crossing Suite 799
East Jonathanborough, AZ 80095",Y,hours
37,Valerie Pollard,693-26-9029,"31163 Stephanie Roads
Harrisonhaven, CT 23332",Y,hours
38,Kelsey Novak,392-02-6511,"46813 Ramirez Spring Apt. 153
Nicholsmouth, OH 78517",Y,miles
39,Jeffery Blanchard,602-90-6485,"4560 Padilla View
Veronicaville, MH 66081",Y,miles
40,Timothy Charles,009-36-7313,"911 Timothy Loop
Coopermouth, MA 75931",N,hours
41,Rhonda Lucas,329-12-2864,"7486 Nicholas Brooks Suite 243
Westside, NM 31406",N,hours
42,Lindsey Foster,674-49-1366,"4897 William Overpass
Amberton, VI 04713",Y,hours
43,Dr. Todd Douglas,548-24-1344,"7295 Robert Shores
North Stacy, TX 15659",Y,hours
44,Mrs. Kathleen Carlson,305-47-9815,"480 Hill Island
Robertsonmouth, OR 08503",Y,hours
45,Jeffrey White,001-44-5220,"918 Franklin Ridges
Wallerland, AR 09502",Y,hours
46,Chad Galloway,322-97-0388,"043 Anderson Trafficway
Josephland, OR 70693",Y,miles
47,Carol Cooper,783-34-3163,"Unit 9227 Box 3635
DPO AE 40737",N,miles
48,Victor Wilson,896-97-9450,"73922 Diane Rue
Barrybury, MA 11555",Y,hours
49,Elizabeth Brown,678-64-4141,"5550 Schneider Valleys
New Richard, IL 63705",Y,hours
50,Brandon Smith,128-40-0038,"89311 Jeremy Cove
North Cheryl, TN 11431",Y,miles
51,Robert Hansen,438-07-9351,"2005 Alison Run
Hubbardview, AL 53887",N,hours
52,Gerald Tyler II,462-01-7109,"USS Hunter
FPO AP 30938",Y,hours
53,Jonathan Schwartz,442-23-8039,"661 William Stravenue
Port Leon, TX 89831",Y,miles
54,Ian Moore,366-80-8442,"9446 Carrie Mountain
North Elizabethberg, MH 23073",Y,miles
55,Kristen Parker,618-64-8915,"720 Simpson Mount Apt. 618
Carolberg, TN 80893",Y,miles
56,Jeffrey Russo,871-17-2765,"Unit 0381 Box 3018
DPO AP 68809",Y,miles
57,Philip Maldonado,713-44-0697,"6521 Savannah Flats Apt. 961
Gallowayton, MS 47340",N,hours
58,Roy Fleming,783-60-8404,"668 Daniel Lodge
South Marcus, DC 09685",Y,hours
59,Charles Williams,533-03-4822,"PSC 9846, Box 1600
APO AP 75955",N,hours
60,Ashlee Lang,279-76-1767,"3746 Larson Fort Suite 110
Taylorberg, IN 35593",Y,miles
61,April Price,431-86-1554,"5688 Craig Way Suite 389
New Williamhaven, MP 63253",Y,miles
62,Donald Phelps PhD,861-58-2204,"8584 Lowery Land Suite 815
Ricardoside, WY 62324",N,hours
63,Sarah Hanson,577-80-4661,"9460 Maureen Grove Apt. 175
Ramirezbury, VI 66258",N,miles
64,Kelly Buckley,742-87-8371,"8407 Joshua Ports Apt. 466
Port Amyhaven, CO 34888",N,miles
65,Stacy Olsen,458-69-1019,"13912 Troy Freeway Apt. 149
Lake Lindsay, NM 48973",Y,miles
66,Brian Garner,653-68-7238,"717 Amy Valley
West Joshuafort, UT 15013",Y,miles
67,Rebecca Williams,648-28-5121,"USNS Carson
FPO AA 20013",Y,miles
68,Christopher Hardy,328-13-2952,"01216 Sherry Unions
Christophershire, KY 54833",Y,miles
69,Samuel Turner,490-99-0345,"0287 William Wells
West Mirandaside, WV 47895",N,miles
70,Joshua Moss,616-88-7437,"Unit 1688 Box 0652
DPO AE 97356",Y,miles
71,Jennifer Thomas,587-36-0853,"USNV Hall
FPO AE 51514",N,hours
72,Theodore Perry,269-86-8526,"90513 Castillo Mews
Ashleyfort, OK 30261",N,miles
73,Kristen Martin,607-93-9064,"47769 Joseph Square
North Marisachester, FM 64851",N,miles
74,Julie Fox,611-23-0645,"29758 Randall Field Apt. 276
West Scottland, OK 35729",Y,hours
75,Patricia Perkins,177-14-3644,"48181 Daniel Parks Suite 551
Port Shirleyview, WA 57613",N,hours
76,David Thompson,345-63-1801,"490 Jacqueline Trafficway
Smithview, WA 04327",N,hours
77,Cindy Nguyen,419-46-1101,"9976 Thomas Islands
South Candice, IA 54991",N,hours
78,Alexa Hopkins,782-75-7362,"Unit 0782 Box 5939
DPO AE 62847",Y,hours
79,Eric Wiggins,393-96-8058,"675 Shea Court Apt. 528
Wendyport, KY 09775",Y,hours
80,Angela Duncan,767-32-2644,"1986 Kenneth Lake
Atkinsshire, RI 43378",Y,hours
81,Kelly Brady,159-83-0736,"059 Clay Parks
Brownberg, ME 79152",N,miles
82,Andrew Hunt,720-04-9704,"72859 Shannon Shores Apt. 829
East Jerrystad, MP 63499",N,hours
83,Ashley Hunt,528-33-7065,"667 Ellis Crest Apt. 693
New Jenna, MS 23316",Y,hours
84,Ray Davis,385-45-6926,"57434 Powell Grove
Joyceborough, CT 23480",Y,miles
85,Amber Marks,638-92-7407,"PSC 3480, Box 6315
APO AA 20932",Y,miles
86,Caleb Cox,462-89-5242,"5856 Jacqueline Causeway Apt. 593
East Nicholas, NC 26192",Y,hours
87,Crystal Haley,354-63-3203,"333 Jones Brook Apt. 868
New Matthew, CT 50262",Y,miles
88,Jennifer Martinez,213-66-1952,"836 Matthew Knoll
New Sarahview, GA 18738",Y,hours
89,Michael Stokes,125-27-7350,"373 Kim Inlet Apt. 893
South Dillonville, NC 65110",Y,hours
90,Kristin Espinoza,095-62-3882,"700 Villarreal Estates
Johnview, MI 80517",N,miles
91,Michael Gross,189-39-0145,"081 Martin Isle Apt. 378
East Samuelbury, VA 67614",N,miles
92,Ronnie Rodriguez,766-18-5211,"60884 Holt Inlet
Port Davidchester, IN 62945",Y,hours
93,Eric Hopkins,610-99-4938,"1825 Jennifer Island
New Michaelfort, HI 31189",Y,hours
94,Mr. Derek Wright MD,864-92-5921,"596 Ramos Lane Suite 536
Samanthaburgh, MT 93807",Y,miles
95,Amanda Horn,452-38-4818,"495 Mary Forge
North Joseph, CO 57604",Y,miles
96,Patricia Mendez,186-77-3195,"USNS Tanner
FPO AA 51334",N,miles
97,Jodi Miller,720-34-4785,"7418 Payne Squares Apt. 129
Lynchborough, CO 30715",Y,miles
98,Chad Walker,676-96-2037,"175 Johnson Villages Suite 643
Perrymouth, MN 05240",Y,miles
99,Kimberly Ingram,485-67-3749,"8057 Estrada Common
Coleberg, MH 63651",N,miles
100,Kevin Woods,627-84-7367,"2594 Buchanan Causeway Apt. 146
Melissaland, OK 78690",N,miles
101,Elizabeth Mann,076-01-3623,"86180 Maria Light
Port Andrewberg, KY 92660",N,hours
102,Jacob Martin,367-85-9145,"428 Aguilar Courts
Lake Amy, IA 12599",N,hours
103,Susan Thomas,558-80-9441,"50358 Heather Stream Suite 617
Lake Christopherhaven, SD 11381",Y,hours
104,Larry Guerra,803-64-9202,"727 Timothy Pine Apt. 354
Lopezstad, AL 47695",N,miles
105,Michelle Crosby,601-44-7586,"1619 Daniel Branch
Port Diane, UT 34964",Y,hours
106,Olivia Johnson,236-37-6946,"303 Timothy Junctions Suite 887
Wellsville, ND 24710",N,hours
107,Jeremy Wright,351-10-0329,"04512 Simon Prairie Apt. 685
South Mariobury, TN 52658",Y,hours
108,Michael Miller,840-55-7519,"145 Edwards Falls
North Mackenzieport, MD 23006",Y,hours
109,Ronald Smith,260-20-6364,"7265 Sherman Points Suite 086
Kevinmouth, AL 94374",N,miles
